leaf	field	2b	4b	raw_line_2b	raw_line_4b
65	address	40 Wall Hhtn	40 Wall Htn	""" Rob’t C broker 40 Wall Hhtn h 15 Clark"	""" Rob’t C broker 40 Wall Hhtn h 15 Clark"
65	address	h 338 Monroe	h 338 A Monroe	Beale Chas elk h 338A Monroe	Beale Chas elk h 338A Monroe
65	address	52 B'way Mhtn	52 B'way Mthn	Beales Albert broker 52 B’way Mhtn h 153 Rugby rd	Beales Albert broker 52 B’way Mhtn h 153 Rugby rd
65	address	52 B’way Mhtn	52 B'way Mthn	""" And’w F broker 52 B’way Mhtn h 928 St Mark’s av"	""" And’w F broker 52 B’way Mhtn h 928 St Mark’s av"
65	home_address	928 St Mark’s av	928 St Mark's av	""" And’w F broker 52 B’way Mhtn h 928 St Mark’s av"	""" And’w F broker 52 B’way Mhtn h 928 St Mark’s av"
65	address	h 146 Luquer	h 146 Duquer	Bealing H’y truckman h 146 Luquer	Bealing H’y truckman h 146 Luquer
65	address	166 Duane Mhtn	166 Duane Mthn	Beall Chas A extracts 166 Duane Mhtn h 1516 Beverley rd	Beall Chas A extracts 166 Duane Mhtn h 1516 Beverley rd
161	name	Authorized by Law to		Authorized by Law to	Authorized by Law to
161	address		Authorized by Law to	Authorized by Law to	Authorized by Law to
161	name		tee Committee	tee, Committee, or Agent.	tee, Committee, or Agent.
161	occupation_role	tee		tee, Committee, or Agent.	tee, Committee, or Agent.
161	address	Committee, or Agent	or Agent	tee, Committee, or Agent.	tee, Committee, or Agent.
161	address	67 Pearl Mhtn	67 Pearl Mthn	""" H G wines 67 Pearl Mhtn h 401 E 16th"	""" H G wines 67 Pearl Mhtn h 401 E 16th"
161	address	h 227 Reedy av	h 227 Ready av	""" Jacob T machinist h 227 Reid ay"	""" Jacob T machinist h 227 Reid ay"
161	address	h 2 Patcben av	h 2 Patchen av	""" Mary wid Theo h 2 Patcben av"	""" Mary wid Theo h 2 Patcben av"
161	spouse_name	wid Tbos	wid Thomas	""" N C wid Tbos h 939 Gates av"	""" N C wid Tbos h 939 Gates av"
161	address	h 939 Gates av	b 939 Gates av	""" N C wid Tbos h 939 Gates av"	""" N C wid Tbos h 939 Gates av"
161	address	Av D n 6th Mhtn	Av D n 6th Mthn	""" Rob’t E plumber Av D n 6th Mhtn h 185 Devoe"	""" Rob’t E plumber Av D n 6th Mhtn h 185 Devoe"
225	occupation_role	depy	dep	""" Arthur C depy 501 Gates av h 1020 DeKalb av"	""" Arthur C depy 501 Gates av h 1020 DeKalb av"
231	name	""" Phone"	'Phone	'Phone 1931 Main-	'Phone 1931 Main-
231	address	1931 Main	1931 Main-	'Phone 1931 Main-	'Phone 1931 Main-
231	address		c	w* 13 cJ	w* 13 cJ
231	address	h 95 Fairfield	h 95 Weirfield	Coutieri Ferdinand printer h 95 Weirfield	Coutieri Ferdinand printer h 95 Weirfield
231	address	277 B'way Mhtn	277 B'way Mthn	Coutts Geo H 277 B’way Mhtn h 144 Joralemon	Coutts Geo H 277 B’way Mhtn h 144 Joralemon
231	address	331 Clinton av	331 Clarkson av	Covel Chas H pres’t 331 Classon av h 534 Monroe	Covel Chas H pres’t 331 Classon av h 534 Monroe
231	address	h 191 Washn pk	h 191 Washn' pk	Coverly John H physician h 191 Wasb’n pk	Coverly John H physician h 191 Wasb’n pk
231	address	17 B’way Mhtn	17 B'way Mthn	""" Wm pres’t 17 B’way Mhtn h 247 Wash’n av"	""" Wm pres’t 17 B’way Mhtn h 247 Wash’n av"
231	home_address	247 Wash’n av	247 Wash'n av	""" Wm pres’t 17 B’way Mhtn h 247 Wash’n av"	""" Wm pres’t 17 B’way Mhtn h 247 Wash’n av"
231	address	963 6th av Mhtn	963 6th av Mthn	""" Chas K painter 963 6th av Mhtn h 252 Jef av"	""" Chas K painter 963 6th av Mhtn h 252 Jef av"
251	name	3n a >	3 na	3 n a >,	3 n a >,
251	address		> 	3 n a >,	3 n a >,
251	address	Tr84 Covent	Tr 84 Covert	Darton Wm carpTr 84 Covert	Darton Wm carpTr 84 Covert
251	address	h 84 Covent	h 84 Covert	""" Wm T elk h 84 Covert"	""" Wm T elk h 84 Covert"
251	name	Dart well John W	Dartwell John W	Dart well John W h 57 Irving pi	Dart well John W h 57 Irving pi
251	address	h 57 Irving pi	h 57 Irving pl	Dart well John W h 57 Irving pi	Dart well John W h 57 Irving pi
251	is_business	False	True	""" & Huffman fixtures 445 Atlantic ay"	""" & Huffman fixtures 445 Atlantic ay"
251	address	445 Atlantic av	445 Atlantic ay	""" & Huffman fixtures 445 Atlantic ay"	""" & Huffman fixtures 445 Atlantic ay"
251	address	17 Elizabeth Mhtn	17 Elizabeth Mthn	Dascheff Morris mfr 17 Elizabeth Mhtn h 44 Montauk av	Dascheff Morris mfr 17 Elizabeth Mhtn h 44 Montauk av
251	address	103 Merseloe	103 Mersole	Dashevsky Aron meat 103 Meserole	Dashevsky Aron meat 103 Meserole
286	address	80 Centre Mtn	80 Centre Mthn	""" Wm H playing cards 80 Centre Mhtn li 16 Remsen"	""" Wm H playing cards 80 Centre Mhtn li 16 Remsen"
286	address	h 306 Lewis av	h 306 Lewis ay	""" Alfred A h 306 Lewis ay"	""" Alfred A h 306 Lewis ay"
286	address	82 Nassau Mhtn	82 Nassau Mthn	""" Clarence S engraver 82 Nassau Mhtn k 89 Ryerson"	""" Clarence S engraver 82 Nassau Mhtn k 89 Ryerson"
286	address	h 50 Pierpont	h 50 Pierrepont	""" Clifton M ins h 50 Pierrepont"	""" Clifton M ins h 50 Pierrepont"
307	name	s O g-	S Og	*s O g- *	*s O g- *
307	address		- *	*s O g- *	*s O g- *
307	name	o® fed v.	rofe -d v	o® fe -d v.	o® fe -d v.
307	name	Successor to M. GENUNG	Succeisor to M.	Succeisor to M. GENUNG	Succeisor to M. GENUNG
307	address		GENUNG	Succeisor to M. GENUNG	Succeisor to M. GENUNG
307	name	Opposite HALL OF RECORDS		Opposite HALL OF RECORDS	Opposite HALL OF RECORDS
307	address		Opposite HALL OF RECORDS	Opposite HALL OF RECORDS	Opposite HALL OF RECORDS
307	occupation_role	realestate	real estate	""" Francis M realestate 189 Montague h Richmond Hill L I"	""" Francis M realestate 189 Montague h Richmond Hill L I"
307	address	189 Montgomery	189 Montague	""" Francis M realestate 189 Montague h Richmond Hill L I"	""" Francis M realestate 189 Montague h Richmond Hill L I"
363	name	""" Fire Ins Co"	""" Fire Ins Co of Phila"	""" Fire Ins Co of Phila, 147 B’way & 379 Fulton"	""" Fire Ins Co of Phila, 147 B’way & 379 Fulton"
363	address	of Phila	147 B'way & 379 Fulton	""" Fire Ins Co of Phila, 147 B’way & 379 Fulton"	""" Fire Ins Co of Phila, 147 B’way & 379 Fulton"
363	home_address	147 B’way & 379 Fulton		""" Fire Ins Co of Phila, 147 B’way & 379 Fulton"	""" Fire Ins Co of Phila, 147 B’way & 379 Fulton"
363	address	h 84 Irving pi	h 84 Irving pl	""" Geo janitor h 84 Irving pi"	""" Geo janitor h 84 Irving pi"
363	address	5502 3d av	550 23d av	""" Geo liquors 5 502 3d av"	""" Geo liquors 5 502 3d av"
363	home_address	8779 21st av	2879 21st av	""" Harry painter 21st av n Bath av h 8779 21st av"	""" Harry painter 21st av n Bath av h 8779 21st av"
363	occupation_role	realestate	real estate	""" H'y L realestate h 417 11th"	""" H'y L realestate h 417 11th"
363	address	27 Pine Mhtn	27 Pine Mthn	""" Herman stenographer 27 Pine Mhtn h 32 Varet"	""" Herman stenographer 27 Pine Mhtn h 32 Varet"
363	home_address	32 Varet	32 Vanderbilt	""" Herman stenographer 27 Pine Mhtn h 32 Varet"	""" Herman stenographer 27 Pine Mhtn h 32 Varet"
363	name	Isaac	Isaac stationer	Isaac stationer 121 4th av	Isaac stationer 121 4th av
363	occupation_role	stationer		Isaac stationer 121 4th av	Isaac stationer 121 4th av
363	address	h 8779 21st av	h 2879 21st av	""" Jane A wid Anthony h 8779 21st av"	""" Jane A wid Anthony h 8779 21st av"
364	address	h 251 T'kins av	h 251 T'pkins av	""" Wilbur bookkpr h 251 T’pkins av"	""" Wilbur bookkpr h 251 T’pkins av"
364	address	h 476 Malone	h 476 Marlton	Fratz Edw'd h 476 Marlon	Fratz Edw'd h 476 Marlon
364	address	246 Humb'rt	246 Humb't	Frauenhofer Geo tailor 246 Humb’t	Frauenhofer Geo tailor 246 Humb’t
374	name	Tiumok	Tiumok Peter	Tiumok 166 Kaar N. V	Tiumok 166 Kaar N. V
374	address	166 Kara N. V.	166 Kaar N. V.	Tiumok 166 Kaar N. V	Tiumok 166 Kaar N. V
374	name	"-r-1"" u"	-r-1	"-r-1"" u."	"-r-1"" u."
374	address	"r-1"" u"	u	"-r-1"" u."	"-r-1"" u."
374	address	h 315 Harlem	h 315 Harmon	""" John h 315 Harman"	""" John h 315 Harman"
374	address	140 Nassau Mhtn	140 Nassau Mthn	""" John treas’r 140 Nassau Mhtn h 81 Monroe"	""" John treas’r 140 Nassau Mhtn h 81 Monroe"
374	address	99th n 4th av	99th n 4th ay	""" John J liquors 99th n 4th ay"	""" John J liquors 99th n 4th ay"
374	occupation_role	u s a	s u s	""" John V u s a h 10 8th av"	""" John V u s a h 10 8th av"
374	occupation_role	realestate	real estate	""" Rob’t H realestate W 12th c Neptune av"	""" Rob’t H realestate W 12th c Neptune av"
374	occupation_role	past	pres't	Furgang Carl H pres’t 136 Water Mhtn b 1749 Bklyn av	Furgang Carl H pres’t 136 Water Mhtn b 1749 Bklyn av
374	address	136 Water Mhtn	136 Water Mthn	Furgang Carl H pres’t 136 Water Mhtn b 1749 Bklyn av	Furgang Carl H pres’t 136 Water Mhtn b 1749 Bklyn av
377	address	6	h 306 Van Ruen	""" John 6 h 306 Van Ruren"	'* John 6 h 306 Van Ruren
377	home_address	306 Van Ruren		""" John 6 h 306 Van Ruren"	'* John 6 h 306 Van Ruren
377	address	105 Hudson Mhtn	105 Hudson Mthn	""" Jos F manager 105 Hudson Mhtn h Hotel St George"	""" Jos F manager 105 Hudson Mhtn h Hotel St George"
377	occupation_role	realestate	real estate	""" Levi M realestate Bay Ridge av n Fort Hamilton P’kway h 68th n Fort Hamilton P’ kway"	""" Levi M realestate Bay Ridge av n Fort Hamilton P’kway h 68th n Fort Hamilton P’ kway"
377	home_address	68th n Fort Hamilton P' kway	68th n Fort Hamilton P'kway	""" Levi M realestate Bay Ridge av n Fort Hamilton P’kway h 68th n Fort Hamilton P’ kway"	""" Levi M realestate Bay Ridge av n Fort Hamilton P’kway h 68th n Fort Hamilton P’ kway"
411	name	""" Rob't"	' Rob't	""" Rob’t artist 70 5th av Mhtn h 399 Ocean av"	'* Rob’t artist 70 5th av Mhtn h 399 Ocean av
411	race_designation		*	""" Rob’t artist 70 5th av Mhtn h 399 Ocean av"	'* Rob’t artist 70 5th av Mhtn h 399 Ocean av
411	address	70 5th av Mhtn	70 5th av Mthn	""" Rob’t artist 70 5th av Mhtn h 399 Ocean av"	'* Rob’t artist 70 5th av Mhtn h 399 Ocean av
411	is_business	True	False	Graef’s H A Son liquors 58 Court	Graef’s H A Son liquors 58 Court
411	is_business	False	True	IMPORTER OF WINES, &c. 58 COURT STREET,	IMPORTER OF WINES, &c. 58 COURT STREET,
411	occupation_role	Sole Agent		Sole Agent in the United States and Canada	Sole Agent in the United States and Canada
411	address	in the United States and Canada	Sole Agent in the United States and Canada	Sole Agent in the United States and Canada	Sole Agent in the United States and Canada
411	is_business	False	True	& Wagner, Frankfurt, Rhine and Moselle	& Wagner, Frankfurt, Rhine and Moselle
411	address	Bordeaux, Claret	Bordeaux, Clares	Wines. Duranton & Co., Bordeaux, Clarets	Wines. Duranton & Co., Bordeaux, Clarets
411	name	Jnd Sautemes	Jnd Sauternes	jnd Sautemes.	jnd Sautemes.
411	occupation_role	realestate	real estate	""" Edw’d L realestate 1516 Fulton h 255 McDonough"	""" Edw’d L realestate 1516 Fulton h 255 McDonough"
461	name	c*c *» ^	cc	c*c *» ^	c*c *» ^
461	address	c*c *» ^	* » ^	c*c *» ^	c*c *» ^
461	name	c^5 flj 3 w	c5	c^5 flj 3 w	c^5 flj 3 w
461	occupation_role		flj	c^5 flj 3 w	c^5 flj 3 w
461	address	c^5 flj 3 w	3 w	c^5 flj 3 w	c^5 flj 3 w
461	name	L. C. O. m	L. C.	L. © . m ^	L. © . m ^
461	address	n ^	m	L. © . m ^	L. © . m ^
461	name	Diciaball	DiCib	iD+iCb »	iD+iCb »
461	address	v	»	iD+iCb »	iD+iCb »
461	name	d c a	d c	d c a) o «_	d c a) o «_
461	occupation_role		a	d c a) o «_	d c a) o «_
461	address	o _	o	d c a) o «_	d c a) o «_
461	home_address		_	d c a) o «_	d c a) o «_
461	name		Soo S-o-o	o S-o- o	o S-o- o
461	address	o S-o- o		o S-o- o	o S-o- o
461	name	-sei e	-se i e	s-e i e “	s-e i e “
461	address		""" "	s-e i e “	s-e i e “
461	name		rt C	rt C «5 g	rt C «5 g
461	address	r 10 C 59 g	5 g	rt C «5 g	rt C «5 g
461	name	Cfl G	Cfl G ag	Cfl G ag	Cfl G ag
461	occupation_role	ag		Cfl G ag	Cfl G ag
461	name	Sc -P	5c -P	5 c -P« ,	5 c -P« ,
461	address	c P	a	5 c -P« ,	5 c -P« ,
461	address	86th n 22d day	86th n 22d ay	""" Thos liquors 86th n 22d ay"	""" Thos liquors 86th n 22d ay"
461	address	h 463 5th av	h 463% 5th av	Havens Albert elk h 463% 5th av	Havens Albert elk h 463% 5th av
461	address	175 Remsen	175 Reuben	""" Chas E lawyer 175 Remsen h 679 Hancock"	""" Chas E lawyer 175 Remsen h 679 Hancock"
461	address	10 Wall Mhtn	10 Wall Mthn	""" Chas S broker 10 Wall Mhtn h 590 Bedford av"	""" Chas S broker 10 Wall Mhtn h 590 Bedford av"
461	name	""" Dewitt N"	""" Dwight N"	""" DeWltt N broker 18 New Mhtn h 510 Hancock"	""" DeWltt N broker 18 New Mhtn h 510 Hancock"
461	address	18 New Mhtn	18 New Mthn	""" DeWltt N broker 18 New Mhtn h 510 Hancock"	""" DeWltt N broker 18 New Mhtn h 510 Hancock"
512	is_business	True	False	Companies	Companies
512	occupation_role	clerk	clk	""" Edw’d S elk h 355 12th"	""" Edw’d S elk h 355 12th"
612	is_business	True	False	Companies	Companies
612	address	526 B'way li	526 B'way	""" H’y grocer 526 B’way li 240 Lynch"	""" H’y grocer 526 B’way li 240 Lynch"
612	home_address	240 Lynch	1240 Lynch	""" H’y grocer 526 B’way li 240 Lynch"	""" H’y grocer 526 B’way li 240 Lynch"
612	address	2915 W 81	2915 W 81st	""" John baker 2915 W 8(1"	""" John baker 2915 W 8(1"
612	occupation_role	realestate	real estate	""" Louis A realestate 686 Wythe av h 830 Halsey"	""" Louis A realestate 686 Wythe av h 830 Halsey"
648	address	404 E 14th Mht	404 E 14th Mhtu	Liesenbein Nicholas eabinetmkr 404 E 14th Mh tu h 725 Macon	Liesenbein Nicholas eabinetmkr 404 E 14th Mh tu h 725 Macon
648	address	1031 Mhtn av	1031 Mthn av	Llesner Bertha baker 1031 Mhtn av	Llesner Bertha baker 1031 Mhtn av
648	address	h 225 F Bush av	h 225 F'bush av	""" Edw’d upholsterer h 225 F’bush av"	""" Edw’d upholsterer h 225 F’bush av"
648	address	225 FBush av	225 F'bush av	""" Geo G upholsterer 225 F’bush av"	""" Geo G upholsterer 225 F’bush av"
648	address	h 11 Stockton August G	h 11 Stockton August G cutter	Liffner August shoes h 11 Stockton August G cutter h 276 Prospect pi	Liffner August shoes h 11 Stockton August G cutter h 276 Prospect pi
648	occupation_role	realestate	real estate	""" Wm T realestate 146 Marcy av h 777 Myrtle av"	""" Wm T realestate 146 Marcy av h 777 Myrtle av"
648	address	h 249 Chris' av	h 249 Chris 'r av	Lifschitz Bernard teacher h 249 Chris ’r av	Lifschitz Bernard teacher h 249 Chris ’r av
648	name	Lffshey Sam'l H	Liffey Sam'l H	Llfshey Sam’l H photos 837 Mhtn av	Llfshey Sam’l H photos 837 Mhtn av
648	address	837 Mhtn av	837 Mthn av	Llfshey Sam’l H photos 837 Mhtn av	Llfshey Sam’l H photos 837 Mhtn av
752	occupation_role	realestate	real estate	Middlesworth Ervin realestate h 647 Pres't	Middlesworth Ervin realestate h 647 Pres't
752	address	h 231 Cornelia	h 231 Cornelius	Midner Geo gilder h 231 Cornelia	Midner Geo gilder h 231 Cornelia
752	occupation_role	inc	(inc)	Midwood Club (inc) Ocean av n Caton av	Midwood Club (inc) Ocean av n Caton av
752	address	1376 F Bush av	1376 F'bush av	""" Realty Co 1376 F’bush av"	""" Realty Co 1376 F’bush av"
826	address	147 Cedar Mhtn	147 Cedar Mthn	""" J Edwin hardware 147 Cedar Mhtn h 747 Greene av"	""" J Edwin hardware 147 Cedar Mhtn h 747 Greene av"
826	address	729 B'way Mhtn	729 B'way Mthn	""" Willis L woolens 729 B’way Mhtn h 73 Pierrepont"	""" Willis L woolens 729 B’way Mhtn h 73 Pierrepont"
826	home_address	73 Pierrepont	73 Pierpont	""" Willis L woolens 729 B’way Mhtn h 73 Pierrepont"	""" Willis L woolens 729 B’way Mhtn h 73 Pierrepont"
826	address	92 Pine Mhtn	92 Pine Mthn	Ogg Aikman manager 92 Pine Mhtn h 4815 6th av	Ogg Aikman manager 92 Pine Mhtn h 4815 6th av
826	address	232 Canal Mhtn	232 Canal Mthn	""" Peter R furniture 232 Canal Mhtn h 1204 Beverley rd"	""" Peter R furniture 232 Canal Mhtn h 1204 Beverley rd"
826	address	57 Rose Mhtn	57 Rose Mthn	""" Frank B publisher 57 Rose Mhtn h 966 Sterling pi"	""" Frank B publisher 57 Rose Mhtn h 966 Sterling pi"
826	address	57 Rose Mhtn	57 Rose Mthn	""" John S publisher 57 Rose Mhtn h 873 St Mark’s av"	""" John S publisher 57 Rose Mhtn h 873 St Mark’s av"
925	occupation_role	CAPITAL, SURPLUS AND UNDIVIDED		140 Broadway, Borough of Manhattan CAPITAL, SURPLUS AND UNDIVIDED	140 Broadway, Borough of Manhattan CAPITAL, SURPLUS AND UNDIVIDED
925	address		Borough of Manhattan CAPITAL, SURPLUS AND UNDIVIDED	140 Broadway, Borough of Manhattan CAPITAL, SURPLUS AND UNDIVIDED	140 Broadway, Borough of Manhattan CAPITAL, SURPLUS AND UNDIVIDED
925	occupation_role	- President		GEO. H. SOUTHARD, . - President	GEO. H. SOUTHARD, . - President
925	address		- President	GEO. H. SOUTHARD, . - President	GEO. H. SOUTHARD, . - President
925	occupation_role	Vice-President		WM. H. WALLACE, • Vice-President	WM. H. WALLACE, • Vice-President
925	address		Vice-President	WM. H. WALLACE, • Vice-President	WM. H. WALLACE, • Vice-President
925	name	GATES D	GATES D. FAHNESTOCK	GATES D. FAHNESTOCK, 2d-Vice-Pret.	GATES D. FAHNESTOCK, 2d-Vice-Pret.
925	occupation_role	FAHNESTOCK		GATES D. FAHNESTOCK, 2d-Vice-Pret.	GATES D. FAHNESTOCK, 2d-Vice-Pret.
925	name	CLINTON W	CLINTON W. LUDLUM	CLINTON W. LUDLUM, ■ Secretary	CLINTON W. LUDLUM, ■ Secretary
925	occupation_role	LUDLUM	Secretary	CLINTON W. LUDLUM, ■ Secretary	CLINTON W. LUDLUM, ■ Secretary
925	address	■ Secretary	■	CLINTON W. LUDLUM, ■ Secretary	CLINTON W. LUDLUM, ■ Secretary
925	address	1941 Bath av	1941 Bath ay	Rodier Dan’l painter 1941 Bath ay	Rodier Dan’l painter 1941 Bath ay
925	address	840 B’way Mhtn	840 B'way Mthn	""" L Jos corsets 840 B’way Mhtn h 108 Moffat"	""" L Jos corsets 840 B’way Mhtn h 108 Moffat"
925	address	h 50 Lewis av	h 50 Lewis ay	Rodin Chas machinist h 50 Lewis ay	Rodin Chas machinist h 50 Lewis ay
996	address	42 Seguel	42 Seigel	Shakin Wm crockery 42 Seigel	Shakin Wm crockery 42 Seigel
996	name	""" E"	""" E Conway"	""" E Conway civil eng 164 Montague h 361 Ocean av"	""" E Conway civil eng 164 Montague h 361 Ocean av"
996	occupation_role	conway civil eng	civil eng	""" E Conway civil eng 164 Montague h 361 Ocean av"	""" E Conway civil eng 164 Montague h 361 Ocean av"
996	address	164 Montgomery	164 Montague	""" E Conway civil eng 164 Montague h 361 Ocean av"	""" E Conway civil eng 164 Montague h 361 Ocean av"
996	name	Shallan Peter	Shalllan Peter	Shaljlan Peter bookbinder 33 Gold Mhtn h Bath av n Bay 13th	Shaljlan Peter bookbinder 33 Gold Mhtn h Bath av n Bay 13th
996	address	33 Gold Mtn	33 Gold Mthn	Shaljlan Peter bookbinder 33 Gold Mhtn h Bath av n Bay 13th	Shaljlan Peter bookbinder 33 Gold Mhtn h Bath av n Bay 13th
996	address	h 406 Av Classon av	h 406 A Classon av	Sbalvey Rose wid Jas h 406A Classon av	Sbalvey Rose wid Jas h 406A Classon av
996	occupation_role	realestate	real estate	Shames Harry realestate b 93 Ames	Shames Harry realestate b 93 Ames
996	employer	Hoffman House Mhtn	Hoffman House Mthn	Shamie Abraham mer Hoffman House Mhtn h 315 Hicks	Shamie Abraham mer Hoffman House Mhtn h 315 Hicks
996	name	Shampin Bernard	Shamp &in Bernard	Shamp&in Bernard teas 475 Humb’t h 471 Humb’t	Shamp&in Bernard teas 475 Humb’t h 471 Humb’t
996	address	475 Humb'rt	475 Humb't	Shamp&in Bernard teas 475 Humb’t h 471 Humb’t	Shamp&in Bernard teas 475 Humb’t h 471 Humb’t
996	home_address	471 Humb'rt	471 Humb't	Shamp&in Bernard teas 475 Humb’t h 471 Humb’t	Shamp&in Bernard teas 475 Humb’t h 471 Humb’t
1070	occupation_role		Uquora	Suhden John Uquora h 83 Saratoga av	Suhden John Uquora h 83 Saratoga av
1070	address	Union av	h 83 Saratoga av	Suhden John Uquora h 83 Saratoga av	Suhden John Uquora h 83 Saratoga av
1070	home_address	83 Saratoga av		Suhden John Uquora h 83 Saratoga av	Suhden John Uquora h 83 Saratoga av
1070	address	h 316 Drewary	h 316 Delaware	""" Chas F painter h 316 Degraw"	""" Chas F painter h 316 Degraw"
1070	name	""" V David"	'V David	‘V David elk h 10 Court sq	‘V David elk h 10 Court sq
1070	occupation_role	realestate	real estate	""" Otto F realestate 8 Suydam h 450 Throop av"	""" Otto F realestate 8 Suydam h 450 Throop av"
1070	occupation_role	realestate	real estate	""" Wm M realestate h 615 St John’s pi"	""" Wm M realestate h 615 St John’s pi"
1070	is_business	False	True	""" & Voigts grocers 654 Classon av"	""" & Voigts grocers 654 Classon av"
1070	address	654 Clinton av	654 Clarkson av	""" & Voigts grocers 654 Classon av"	""" & Voigts grocers 654 Classon av"
1084	address	h 15 S Jef av	h 155 Jef av	Tellgren Brick patternmkr h 15S Jef av	Tellgren Brick patternmkr h 15S Jef av
1084	address	h 179 Harlem	h 179 Harmon	Tellkamp Edw’d P printer h 179 Harman	Tellkamp Edw’d P printer h 179 Harman
1084	occupation_role	realestate	real estate	Telson Nathan realestate h 1629 8th av	Telson Nathan realestate h 1629 8th av
1084	address	h 140 Murray	h 140 Mauer	""" Chas h 140 Maujer"	""" Chas h 140 Maujer"
1084	address	208 Wilby	208 Wil'by	Tempany Hewlett printer 208 Wil’by h Av II n E 85th	Tempany Hewlett printer 208 Wil’by h Av II n E 85th
1084	address	h 82 Hiram	h 82 Hudson	Tempel Otto baker h 82 Himrod	Tempel Otto baker h 82 Himrod
1093	name	NIT G	NIT	<N IT> g ®	<N IT> g ®
1093	occupation_role		g	<N IT> g ®	<N IT> g ®
1093	name		lunr	ul n r» -jj c	ul n r» -jj c
1093	address	nlr jr -j c	-jj c	ul n r» -jj c	ul n r» -jj c
1093	name	a. 1 -	a 1	a. 1 >- —	a. 1 >- —
1093	address	y	- -	a. 1 >- —	a. 1 >- —
1093	name	ulfr c	ulf r* c	ul fr* c	ul fr* c
1093	address	116 Wall Mhtn	116 Wall Mthn	""" Irvin G mfr 116 Wall Mhtn h 412 Jef av"	""" Irvin G mfr 116 Wall Mhtn h 412 Jef av"
1093	name	Thursfield Tobs	Thursfield Tbos	Thursfield Tbos machinist h 222 19th	Thursfield Tbos machinist h 222 19th
1093	address	26 B’way Mhtn	26 B'way Mthn	""" Chas P lawyer 26 B’way Mhtn h 238A Carlton av"	""" Chas P lawyer 26 B’way Mhtn h 238A Carlton av"
1093	home_address	238 Carlton av	238A Carlton av	""" Chas P lawyer 26 B’way Mhtn h 238A Carlton av"	""" Chas P lawyer 26 B’way Mhtn h 238A Carlton av"
1093	address	25 Broad Mhtn	25 Broad Mthn	""" H’y B sec 25 Broad Mhtn h 238A Carlton av"	""" H’y B sec 25 Broad Mhtn h 238A Carlton av"
1093	home_address	238 Carlton av	238A Carlton av	""" H’y B sec 25 Broad Mhtn h 238A Carlton av"	""" H’y B sec 25 Broad Mhtn h 238A Carlton av"
1115	address	h 541 8th	h 541 8 th	""" Fred’k D supt h 541 8 th"	""" Fred’k D supt h 541 8 th"
1115	address	49 Park pi Mhtn	49 Park pl Mthn	""" Geo R printer 49 Park pi Mhtn h 578 Bedford av"	""" Geo R printer 49 Park pi Mhtn h 578 Bedford av"
1115	occupation_role	realestate	real estate	""" Jas E realestate 61 Beekman Mhtn h 183 Rogers av"	""" Jas E realestate 61 Beekman Mhtn h 183 Rogers av"
1115	address	61 Beekman Mhtn	61 Beekman Mthn	""" Jas E realestate 61 Beekman Mhtn h 183 Rogers av"	""" Jas E realestate 61 Beekman Mhtn h 183 Rogers av"
1115	address	128 B'way Mhtn	128 B'way Mthn	""" John A lawyer 128 B’way Mhtn"	""" John A lawyer 128 B’way Mhtn"
1115	name	""" Jos"	""" Josk"	""" Jos elk h 94 Franklin av"	""" Jos elk h 94 Franklin av"
1115	occupation_role	clk		""" Jos elk h 94 Franklin av"	""" Jos elk h 94 Franklin av"
1192	name	WINTER MSZ	WINTER Sam	WINTER mSZ	WINTER mSZ
1192	address		Z	WINTER mSZ	WINTER mSZ
1192	address	833 Mhtn av	833 Mthn av	""" Max dry gds 833 Mhtn av"	""" Max dry gds 833 Mhtn av"
1192	address	h 1126 Wilby av	h 1126 Wil'by av	""" Mich’l miller h 1126 Wil’by av"	""" Mich’l miller h 1126 Wil’by av"
1192	address	460 W B’way Mhtn	460 W B'way Mthn	""" Theo A waists 460 W B’way Mhtn h 704 Chauncey"	""" Theo A waists 460 W B’way Mhtn h 704 Chauncey"
1192	address	53 Maiden la Mhtn	53 Maiden la Mthn	""" Thos W jeweler 53 Maiden la Mhtn h 797 Greene av"	""" Thos W jeweler 53 Maiden la Mhtn h 797 Greene av"
1192	address	22 William Mhtn	22 William Mthn	""" Thos W jr lawyer 22 William Mhtn h 797 Greene av"	""" Thos W jr lawyer 22 William Mhtn h 797 Greene av"
1192	address	h 137 Reelcker	h 137 Releecker	""" Valentine printer h 137 Rleecker"	""" Valentine printer h 137 Rleecker"
1192	occupation_role	realestate	real estate	""" Walter H realestate 44 Court h 195 Hawthorne"	""" Walter H realestate 44 Court h 195 Hawthorne"
1192	occupation_role	realestate	real estate	""" Walter H & Co realestate 44 Court"	""" Walter H & Co realestate 44 Court"
1192	address	51 Wall Mhtn	51 Wall Mthn	""" Wm D ins 51 Wall Mhtn h 337 State"	""" Wm D ins 51 Wall Mhtn h 337 State"
